"","Group","variable","statistic","p"
"1","WT","WT.Norm.NE.mean",0.960612733430865,0.0781459063493511
"2","deltaAH","WT.Norm.NE.mean",0.92272488882566,0.0279005653967491
